,Link,Vendor,Title,Price
0,,,,
1,https://store.unionlosangeles.com/products/modular-jacket-nyco-tussah-1?nosto=collectionpage-nosto-1,Wtaps,MODULAR / JACKET / NYCO. TUSSAH,$698.00
2,https://store.unionlosangeles.com/products/bandana-bomber-1?nosto=collectionpage-nosto-1,Second&7th,Harvard Park Bomber,"$2,100.00"
3,https://store.unionlosangeles.com/products/dual-bomber?nosto=collectionpage-nosto-1,Second&7th,Dual Bomber,"$2,500.00"
4,https://store.unionlosangeles.comhttps://store.unionlosangeles.com/products/eff-twelve-m1?nosto=collectionpage-nosto-1,Second&7th,Eff Twelve M1,"$2,100.00"
5,https://store.unionlosangeles.com/products/eff-twelve-m1,Second&7th,Eff Twelve M1,"$2,100"
6,https://store.unionlosangeles.com/products/wool-bomber,Second&7th,Hollow Observations Bomber,"$2,300"
7,https://store.unionlosangeles.com/products/dual-bomber,Second&7th,Dual Bomber,"$2,500"
8,https://store.unionlosangeles.com/products/bandana-bomber-1,Second&7th,Harvard Park Bomber,"$2,100"
9,https://store.unionlosangeles.com/products/d-perception-jacket,Second&7th,Depth Perception Jacket,"$1,800"
10,https://store.unionlosangeles.com/products/contrast-nylon-trucker-jacket,Marni,Contrast Nylon Trucker Jacket,$850
11,https://store.unionlosangeles.com/products/ootd-c-jkt,Neighborhood,OOTD / C-JKT,$668
12,https://store.unionlosangeles.com/products/savage-stockman-type-a-c-jkt-3,Neighborhood,Savage. Stockman Type-A / C-JKT,$620
13,https://store.unionlosangeles.com/products/fishtail-c-coat,Neighborhood,Fishtail / C-Coat,$608
14,https://store.unionlosangeles.com/products/riders-cr-jkt,Neighborhood,Riders / CR-JKT,$782
15,https://store.unionlosangeles.com/products/insulator-02,JIL SANDER,Insulator 02,"$1,650"
16,https://store.unionlosangeles.com/products/arrow-vintage-bomber,OFF-WHITE,Arrow Vintage Bomber,"$1,682"
17,https://store.unionlosangeles.com/products/stamp-quilt-workwear-jacket,Bode,Stamp Quilt Workwear Jacket,"$1,560"
18,https://store.unionlosangeles.com/products/harrier-down-jacket,Visvim,Harrier Down Jacket,"$3,718"
19,https://store.unionlosangeles.com/products/thorson-ii,Visvim,Thorson II Bomber Jacket,"$3,260"
20,https://store.unionlosangeles.com/products/quilted-down-shirt-jacket,Cherry Los Angeles,Quilted Down Shirt Jacket,$345
21,https://store.unionlosangeles.com/products/cupra-jacquard-mix-blouson,TOGA VIRILIS,Cupra Jacquard Mix Blouson,$648
22,https://store.unionlosangeles.com/products/plaid-blouson,Marni,Plaid Blouson,"$1,190"
23,https://store.unionlosangeles.com/products/christ-of-the-desert-zip-up-poncho,RIVINGTON roi Rebis,Christ of The Desert Zip Up Poncho,"$1,849"
24,https://store.unionlosangeles.com/products/double-faced-sterling-coat-with-patches,Raf Simons,Double-Faced Sterling Coat With Patches,"$5,578"
25,https://store.unionlosangeles.com/products/oversized-knit-checked-cardigan-with-front-zip,Raf Simons,Oversized Knit Checked Cardigan With Front Zip,"$1,032"
26,https://store.unionlosangeles.com/products/broken-ma-2,Mihara Yasuhiro,Broken MA-1,"$1,418"
27,https://store.unionlosangeles.com/products/oasis-work-jacket,Lisa Le Strange,Oasis Work Jacket,$210
28,https://store.unionlosangeles.com/products/60-40-cloth-burger-keel-vest-snow-fade,Kapital,60/40 Cloth BURGER-KEEL Vest (SNOW Fade),"$1,208"
29,https://store.unionlosangeles.com/products/do-gi-sashiko-boa-fleece-reversible-blouson,Kapital,DO-GI SASHIKO BOA Fleece Reversible Blouson,"$1,020"
30,https://store.unionlosangeles.com/products/cheetah-running-jacket,NOAH,Cheetah Running Jacket,$368
31,https://store.unionlosangeles.com/products/paisley-work-jacket,NOAH,Paisley Work Jacket,$328
32,https://store.unionlosangeles.com/products/drunkards-path-workwear-jacket,Bode,Drunkard's Path Workwear Jacket,"$1,560"
33,https://store.unionlosangeles.com/products/union-core-welders-jacket-1,UNION LOS ANGELES,Union Core Welders Jacket,$180
34,https://store.unionlosangeles.com/products/union-core-welders-jacket,UNION LOS ANGELES,Union Core Welders Jacket,$180
35,https://store.unionlosangeles.com/products/bal-e-coat,Neighborhood,Bal E-Coat,$816
36,https://store.unionlosangeles.com/products/tactical-mod-cn-jacket,Neighborhood,Tactical Mod / CN-Jacket,$954
37,https://store.unionlosangeles.com/products/smock-mod-ce-jacket-1,Neighborhood,Smock Mod / CE-Jacket,$858
38,https://store.unionlosangeles.com/products/smock-mod-ce-jacket,Neighborhood,Smock Mod / CE- Jacket,$858
39,https://store.unionlosangeles.com/products/3d-knit-hyper-chimayo-vest,Kapital,3D-Knit Hyper Chimayo Vest,"$1,122"
40,https://store.unionlosangeles.com/products/puff-n-vest,Wtaps,Puff N-Vest,$358
41,https://store.unionlosangeles.com/products/guardian-jacket,Wtaps,Guardian Jacket,$508
42,https://store.unionlosangeles.com/products/katz-hooded-sweatshirt,Wtaps,Guardian Jacket,$508
43,https://store.unionlosangeles.com/products/j1b-gt-1,Acronym,J1B-GT,"$1,918"
44,https://store.unionlosangeles.com/products/check-denim-trucker-jacket,RASSVET,Check Denim Trucker Jacket,$405
45,https://store.unionlosangeles.com/products/adidas-x-wales-bonner-rock-blousson,Adidas,Adidas x Wales Bonner Rock Blousson,$300
46,https://store.unionlosangeles.com/products/slim-fit-double-breasted-coat,Raf Simons,Slim Fit Double Breasted Coat,"$2,100"
47,https://store.unionlosangeles.com/products/meteor-blazer,OFF-WHITE,Meteor Blazer,"$3,235"
48,https://store.unionlosangeles.com/products/deconstructed-wool-blazer,Comme Des Garçons Homme Plus,Deconstructed Wool Blazer,"$1,378"
49,https://store.unionlosangeles.com/products/futura-edition-blouson,Comme Des Garçons Shirt,Futura Edition Blouson,"$1,110"
50,https://store.unionlosangeles.com/products/wacko-maria-og-detroit-jacket,Wacko Maria,Wacko Maria x Carhartt OG Detroit Jacket,$475
51,https://store.unionlosangeles.com/products/j68-pl-1,Acronym,J68-PL,"$1,140"
52,https://store.unionlosangeles.com/products/camo-corduroy-utility-jacket,NOAH,Camo Corduroy Utility Jacket,$428
53,https://store.unionlosangeles.com/products/tweed-fleece-knit-robe-jacket,Kapital,Tweed Fleece Knit Robe Jacket,$406
54,https://store.unionlosangeles.com/products/filero-jacket,Second/Layer,Filero Jacket,$885
55,https://store.unionlosangeles.com/products/corto-down-puffer,Second/Layer,Corto Down Puffer,"$1,030"
56,https://store.unionlosangeles.com/products/hasley-down-coat,Afield Out,Hasley Down Coat,$220
57,https://store.unionlosangeles.com/products/wool-double-breasted-coat,Fear of God,FEAROFGODZegna Wool Double Breasted Coat,"$3,415"
58,https://store.unionlosangeles.com/products/cotton-blend-short-jacket,Fear of God,FEAROFGODZegna Cotton Blend Short Jacket,"$1,945"
59,https://store.unionlosangeles.com/products/cashmere-blouson,JIL SANDER,Cashmere Blouson,"$1,062"
60,https://store.unionlosangeles.com/products/smock-jacket-cotton-cordlane,Wtaps,SMOCK / JACKET / COTTON. CORDLANE,$658
61,https://store.unionlosangeles.com/products/zip-cord-jacket,Marni,Zip Cord Jacket,"$1,300"
62,https://store.unionlosangeles.com/products/modular-jacket-nyco-tussah-1,Wtaps,MODULAR / JACKET / NYCO. TUSSAH,$698
63,https://store.unionlosangeles.com/products/modular-jacket-nyco-tussah,Wtaps,MODULAR / JACKET / NYCO. TUSSAH,$698
64,https://store.unionlosangeles.com/products/mil-pack-c-vest-2,Neighborhood,MIL-PACK / C-VEST,$508
65,https://store.unionlosangeles.com/products/ohio-summer-zip-up-jacket,Bode,Ohio Summer Zip-Up Jacket,$895
66,https://store.unionlosangeles.com/products/suede-trucker-jacket,Brownstone,Suede Trucker Jacket,$725
67,https://store.unionlosangeles.com/products/blouson-polyester-serge,JIL SANDER,Blouson (Polyester Serge),"$1,650"
68,https://store.unionlosangeles.com/products/blouson-fluid-rayon-cotton-twill,JIL SANDER,Blouson (Fluid Rayon/Cotton Twill),"$1,950"
69,https://store.unionlosangeles.com/products/chemical-jacket,OAMC,Chemical Jacket,$875
70,https://store.unionlosangeles.com/products/lithium-jacket,OAMC,Lithium Jacket,"$1,508"
71,https://store.unionlosangeles.com/products/track-jacket-2,Wacko Maria,Track Jacket,$608
72,https://store.unionlosangeles.com/products/leopard-mountain-parka-1,Wacko Maria,Leopard Mountain Parka,$934
73,https://store.unionlosangeles.com/products/python-track-jacket-1,Wacko Maria,Python Track Jacket,$417
74,https://store.unionlosangeles.com/products/rib-neck-zip-up-track-jacket-i,Thom Browne,Rib Neck Zip Up Track Jacket In Heavy Athletic Mesh,$714
75,https://store.unionlosangeles.com/products/thumper-jacket-type-iii-4,John Elliott,Thumper Jacket Type III,$358
76,https://store.unionlosangeles.com/products/classic-labo-coat-with-2-lapel,Raf Simons,Classic Labo Coat With 2 Lapel,$490
77,https://store.unionlosangeles.com/products/savage-stockman-type-a-c-jkt-2,Neighborhood,Savage Stockman Type-A / C-JKT,$629
78,https://store.unionlosangeles.com/products/eln-workwear-jackets-1,Loewe,ELN Workwear Jacket,$570
79,https://store.unionlosangeles.com/products/packable-hood-anorak,Bianca Chandon,Packable Hood Anorak,$325
80,https://store.unionlosangeles.com/products/harrier-down-vest-1,Visvim,Harrier Down Vest,"$2,860"
81,https://store.unionlosangeles.com/products/iris-liner-vest-2,Visvim,Iris Liner Vest,"$2,116"
82,https://store.unionlosangeles.com/products/beaded-logo-workwear-jacket-1,Bode,Beaded Logo Workwear Jacket,"$1,195"
83,https://store.unionlosangeles.com/products/noah-tech-jacket-1,NOAH,Noah Tech Jacket,$250
84,https://store.unionlosangeles.com/products/iris-jacket-1,Visvim,Iris Jacket,"$2,087"
85,https://store.unionlosangeles.com/products/denim-trucker-jacket-b-type,Wacko Maria,Denim Trucker Jacket -B- (Type-2),$445
86,https://store.unionlosangeles.com/products/ss-101-jacket-damaged-1006,Visvim,SS 101 Jacket (Damaged-1004),"$1,111"
87,https://store.unionlosangeles.com/products/ss-101-jkt-dry-dmgd-1001,Visvim,SS 101 JKT Dry Dmgd-1000,"$1,887"
88,https://store.unionlosangeles.com/products/thumper-jacket-type-ii-2,John Elliott,Thumper Jacket Type II,$298
89,https://store.unionlosangeles.com/products/j1l-gt-1,Acronym,J1L-GT,"$2,016"
90,https://store.unionlosangeles.com/products/duo-striped-nylon-trenchcoat-1,Bode,Duo-Striped Nylon Trenchcoat,"$1,750"
91,https://store.unionlosangeles.com/products/ss-101-jkt-dry-dmgd-1,Visvim,SS 101 JKT DRY DMGD,"$2,200"
92,https://store.unionlosangeles.com/products/equipment-fleece-jacket-1,OFF-WHITE,Equipment Fleece Jacket,$673
93,https://store.unionlosangeles.com/products/eln-high-neck-fleece-jackets-1,Loewe,ELN High Neck Fleece Jacket,$474
94,https://store.unionlosangeles.com/products/rayon-twill-ainu-mosir-kung-fu,Kapital,Rayon Twill Ainu Mosir Kung Fu Blouson,$781
95,https://store.unionlosangeles.com/products/60-40-cloth-kung-fu-mountain-p,Kapital,60/40 Cloth KUNG FU Mountain Parka,"$1,071"
96,https://store.unionlosangeles.com/products/round-collar-button-up-square,Thom Browne,Round Collar Button Up Square Patch Pocket Packet In Denim,"$1,134"
97,https://store.unionlosangeles.com/products/ss-101-jacket-damaged-1004,Visvim,SS 101 Jacket (Damaged-1001),"$1,144"
98,https://store.unionlosangeles.com/products/track-b-e-jkt-3,Neighborhood,Track-B / E-JKT,$539
99,https://store.unionlosangeles.com/products/waterproof-terry-anorak-1,John Elliott,Waterproof Terry Anorak,$358
100,https://store.unionlosangeles.com/products/woven-chore-coat-1,JIL SANDER,Woven Chore Coat,"$1,050"
101,https://store.unionlosangeles.com/products/ss-101-jacket-dmgd-1,Visvim,SS 101 Jacket DMGD,"$1,050"
102,https://store.unionlosangeles.com/products/yussef-shirt-jacket-1,Nicholas Daley,Yussef Shirt Jacket,$382
103,https://store.unionlosangeles.com/products/track-b-e-jkt-2,Neighborhood,Track-B / E-JKT,$539
104,https://store.unionlosangeles.com/products/varsity-sb-jkt-wool-1,Visvim,Varsity SB JKT (Wool),"$4,647"
